DBN,Expected % of SHSAT Testers
84K780,0.3372157229531179
84K803,0.2928970507742654
84M351,0.6372849316450188
84M384,0.7096767584865562
84M385,0.6138078949883053
84M386,0.608111091684528
84M482,0.7693716542235638
84X460,0.2102295513422435
84X493,0.7080320613283493
84X494,0.7889457203273664
02M347,0.27929887875698567
17K590,0.7339790113841386
29Q283,0.30984114299184073
84X233,0.2540847883041653
